{
  "num_create_workout": 301,
  "recent_create_workout": [
    {
      "received_timestamp": "2024-01-22 09:18:57.535",
      "msg_data": {
        "type": "Strength Training",
        "startDate": "2023-01-20T00:00:00Z",
        "endDate": "2023-02-20T00:00:00Z",
        "frequency": 3
      }
    },
    {
      "received_timestamp": "2024-01-22 09:18:57.529",
      "msg_data": {
        "type": "Strength Training",
        "startDate": "2023-01-20T00:00:00Z",
        "endDate": "2023-02-20T00:00:00Z",
        "frequency": 3
      }
    },
    {
      "received_timestamp": "2024-01-22 09:18:57.523",
      "msg_data": {
        "type": "Strength Training",
        "startDate": "2023-01-20T00:00:00Z",
        "endDate": "2023-02-20T00:00:00Z",
        "frequency": 3
      }
    },
    {
      "received_timestamp": "2024-01-22 09:18:57.517",
      "msg_data": {
        "type": "Strength Training",
        "startDate": "2023-01-20T00:00:00Z",
        "endDate": "2023-02-20T00:00:00Z",
        "frequency": 3
      }
    },
    {
      "received_timestamp": "2024-01-22 09:18:57.510",
      "msg_data": {
        "type": "Strength Training",
        "startDate": "2023-01-20T00:00:00Z",
        "endDate": "2023-02-20T00:00:00Z",
        "frequency": 3
      }
    }
  ],
  "num_log_workout": 102,
  "recent_log_workout": [
    {
      "received_timestamp": "2024-01-22 09:18:57.532",
      "msg_data": {
        "workoutId": "123e4567-e89b-12d3-a456-426614174001",
        "userId": "456e7890-e12a-45b6-a89c-098765432110",
        "startDate": "2024-01-20",
        "endDate": "2024-01-21",
        "exercises": [
          {
            "exerciseName": "Chest Press",
            "sets": 3,
            "reps": 10
          },
          {
            "exerciseName": "Leg Press",
            "sets": 4,
            "reps": 12
          }
        ]
      }
    },
    {
      "received_timestamp": "2024-01-22 09:18:57.526",
      "msg_data": {
        "workoutId": "123e4567-e89b-12d3-a456-426614174001",
        "userId": "456e7890-e12a-45b6-a89c-098765432110",
        "startDate": "2024-01-20",
        "endDate": "2024-01-21",
        "exercises": [
          {
            "exerciseName": "Chest Press",
            "sets": 3,
            "reps": 10
          },
          {
            "exerciseName": "Leg Press",
            "sets": 4,
            "reps": 12
          }
        ]
      }
    },
    {
      "received_timestamp": "2024-01-22 09:18:57.520",
      "msg_data": {
        "workoutId": "123e4567-e89b-12d3-a456-426614174001",
        "userId": "456e7890-e12a-45b6-a89c-098765432110",
        "startDate": "2024-01-20",
        "endDate": "2024-01-21",
        "exercises": [
          {
            "exerciseName": "Chest Press",
            "sets": 3,
            "reps": 10
          },
          {
            "exerciseName": "Leg Press",
            "sets": 4,
            "reps": 12
          }
        ]
      }
    },
    {
      "received_timestamp": "2024-01-22 09:18:57.514",
      "msg_data": {
        "workoutId": "123e4567-e89b-12d3-a456-426614174001",
        "userId": "456e7890-e12a-45b6-a89c-098765432110",
        "startDate": "2024-01-20",
        "endDate": "2024-01-21",
        "exercises": [
          {
            "exerciseName": "Chest Press",
            "sets": 3,
            "reps": 10
          },
          {
            "exerciseName": "Leg Press",
            "sets": 4,
            "reps": 12
          }
        ]
      }
    },
    {
      "received_timestamp": "2024-01-22 09:18:57.506",
      "msg_data": {
        "workoutId": "123e4567-e89b-12d3-a456-426614174001",
        "userId": "456e7890-e12a-45b6-a89c-098765432110",
        "startDate": "2024-01-20",
        "endDate": "2024-01-21",
        "exercises": [
          {
            "exerciseName": "Chest Press",
            "sets": 3,
            "reps": 10
          },
          {
            "exerciseName": "Leg Press",
            "sets": 4,
            "reps": 12
          }
        ]
      }
    }
  ]
}